DEP_HOUR,hour_ontime_rate
0,0.8005540166204986
5,0.9478107032286599
6,0.9215340533392109
7,0.9021215450933987
8,0.8753358409457281
9,0.8475122634898389
10,0.8072098243760729
11,0.7970820668693009
12,0.7846932698034544
13,0.7681553398058252
14,0.7326035965598123
15,0.7235805487639229
16,0.7028821701045493
17,0.696297268907563
18,0.6789148844552892
19,0.6516950364754684
20,0.6534883720930232
21,0.6914259513984411
22,0.7569506726457399
23,0.7649731515902519
